<?xml version="1.0" encoding="UTF-8"?>
<ivy-module version="2.0" xmlns:m="http://ant.apache.org/ivy/maven" xmlns:e="http://ant.apache.org/ivy/extra">
	<info organisation="com.esotericsoftware"
		module="kryo-parent"
		revision="4.0.2"
		status="release"
		publication="20180321023136"
	>
		<license name="3-Clause BSD License" url="https://opensource.org/licenses/BSD-3-Clause" />
		<description homepage="https://github.com/EsotericSoftware/kryo">
		Fast, efficient Java serialization. This is the parent pom that assembles the main kryo and shaded kryo artifacts.
		</description>
		<m:dependency.management__com.esotericsoftware__reflectasm__version>1.11.3</m:dependency.management__com.esotericsoftware__reflectasm__version>
		<m:properties__versions.reflectasm>1.11.3</m:properties__versions.reflectasm>
		<e:sbtTransformHash>514b856e68bcbeeccbd79ad7cbbf3546ca1a5502</e:sbtTransformHash>
		<m:properties__project.build.sourceEncoding>UTF-8</m:properties__project.build.sourceEncoding>
		<m:properties__sonatypeOssDistMgmtSnapshotsUrl>https://oss.sonatype.org/content/repositories/snapshots/</m:properties__sonatypeOssDistMgmtSnapshotsUrl>
		<m:maven.plugins>org.apache.maven.plugins__maven-enforcer-plugin__1.0|org.apache.maven.plugins__maven-enforcer-plugin__1.0|null__maven-resources-plugin__2.5|org.apache.maven.plugins__maven-jar-plugin__2.4|org.apache.maven.plugins__maven-javadoc-plugin__2.10.3|org.codehaus.mojo__findbugs-maven-plugin__3.0.3</m:maven.plugins>
		<m:properties__test.exclude>**/Java8*Test.java</m:properties__test.exclude>
	</info>
	<configurations>
		<conf name="default" visibility="public" description="runtime dependencies and master artifact can be used with this conf" extends="runtime,master"/>
		<conf name="master" visibility="public" description="contains only the artifact published by this module itself, with no transitive dependencies"/>
		<conf name="compile" visibility="public" description="this is the default scope, used if none is specified. Compile dependencies are available in all classpaths."/>
		<conf name="provided" visibility="public" description="this is much like compile, but indicates you expect the JDK or a container to provide it. It is only available on the compilation classpath, and is not transitive."/>
		<conf name="runtime" visibility="public" description="this scope indicates that the dependency is not required for compilation, but is for execution. It is in the runtime and test classpaths, but not the compile classpath." extends="compile"/>
		<conf name="test" visibility="private" description="this scope indicates that the dependency is not required for normal use of the application, and is only available for the test compilation and execution phases." extends="runtime"/>
		<conf name="system" visibility="public" description="this scope is similar to provided except that you have to provide the JAR which contains it explicitly. The artifact is always available and is not looked up in a repository."/>
		<conf name="sources" visibility="public" description="this configuration contains the source artifact of this module, if any."/>
		<conf name="javadoc" visibility="public" description="this configuration contains the javadoc artifact of this module, if any."/>
		<conf name="optional" visibility="public" description="contains all optional dependencies"/>
	</configurations>
	<publications>
	</publications>
	<dependencies>
		<dependency org="com.esotericsoftware" name="minlog" rev="1.3.0" force="true" conf="compile->compile(*),master(compile);runtime->runtime(*)"/>
		<dependency org="org.objenesis" name="objenesis" rev="2.5.1" force="true" conf="compile->compile(*),master(compile);runtime->runtime(*)"/>
		<dependency org="junit" name="junit" rev="4.12" force="true" conf="test->runtime(*),master(compile)"/>
		<dependency org="commons-lang" name="commons-lang" rev="2.6" force="true" conf="test->runtime(*),master(compile)"/>
	</dependencies>
</ivy-module>
