<?xml version="1.0" encoding="UTF-8"?>
<ivy-module version="2.0" xmlns:m="http://ant.apache.org/ivy/maven" xmlns:e="http://ant.apache.org/ivy/extra">
	<info organisation="com.eed3si9n"
		module="shaded-scalajson_2.12"
		revision="1.0.0-M4"
		status="release"
		publication="20170713025815"
	>
		<license name="BSD 3 Clause" url="https://opensource.org/licenses/BSD-3-Clause" />
		<description homepage="https://github.com/mdedetrich/scalajson">
		shaded-scalajson
		</description>
		<e:sbtTransformHash>0cf6f78ceee52d9be8e097c9f49cf346284c5f79</e:sbtTransformHash>
	</info>
	<configurations>
		<conf name="default" visibility="public" description="runtime dependencies and master artifact can be used with this conf" extends="runtime,master"/>
		<conf name="master" visibility="public" description="contains only the artifact published by this module itself, with no transitive dependencies"/>
		<conf name="compile" visibility="public" description="this is the default scope, used if none is specified. Compile dependencies are available in all classpaths."/>
		<conf name="provided" visibility="public" description="this is much like compile, but indicates you expect the JDK or a container to provide it. It is only available on the compilation classpath, and is not transitive."/>
		<conf name="runtime" visibility="public" description="this scope indicates that the dependency is not required for compilation, but is for execution. It is in the runtime and test classpaths, but not the compile classpath." extends="compile"/>
		<conf name="test" visibility="private" description="this scope indicates that the dependency is not required for normal use of the application, and is only available for the test compilation and execution phases." extends="runtime"/>
		<conf name="system" visibility="public" description="this scope is similar to provided except that you have to provide the JAR which contains it explicitly. The artifact is always available and is not looked up in a repository."/>
		<conf name="sources" visibility="public" description="this configuration contains the source artifact of this module, if any."/>
		<conf name="javadoc" visibility="public" description="this configuration contains the javadoc artifact of this module, if any."/>
		<conf name="optional" visibility="public" description="contains all optional dependencies"/>
	</configurations>
	<publications>
		<artifact name="shaded-scalajson_2.12" type="jar" ext="jar" conf="master"/>
	</publications>
	<dependencies>
		<dependency org="org.scala-lang" name="scala-library" rev="2.12.2" force="true" conf="compile->compile(*),master(compile);runtime->runtime(*)"/>
		<dependency org="org.specs2" name="specs2-core_2.12" rev="3.9.1" force="true" conf="test->runtime(*),master(compile)"/>
		<dependency org="org.specs2" name="specs2-scalacheck_2.12" rev="3.9.1" force="true" conf="test->runtime(*),master(compile)"/>
		<dependency org="org.scalacheck" name="scalacheck_2.12" rev="1.13.4" force="true" conf="test->runtime(*),master(compile)"/>
	</dependencies>
</ivy-module>
