<?xml version="1.0" encoding="UTF-8"?>
<ivy-module version="2.0" xmlns:m="http://ant.apache.org/ivy/maven" xmlns:e="http://ant.apache.org/ivy/extra">
	<info organisation="com.github.luben"
		module="zstd-jni"
		revision="1.3.2-2"
		status="release"
		publication="20171019100038"
	>
		<license name="BSD 2-Clause License" url="https://opensource.org/licenses/BSD-2-Clause" />
		<description homepage="https://github.com/luben/zstd-jni">
		JNI bindings for Zstd native library that provides fast and high compression lossless algorithm for Java and all JVM languages.
		</description>
		<e:sbtTransformHash>b51361a388de86bf7d35175ccb1b442947d2c98e</e:sbtTransformHash>
	</info>
	<configurations>
		<conf name="default" visibility="public" description="runtime dependencies and master artifact can be used with this conf" extends="runtime,master"/>
		<conf name="master" visibility="public" description="contains only the artifact published by this module itself, with no transitive dependencies"/>
		<conf name="compile" visibility="public" description="this is the default scope, used if none is specified. Compile dependencies are available in all classpaths."/>
		<conf name="provided" visibility="public" description="this is much like compile, but indicates you expect the JDK or a container to provide it. It is only available on the compilation classpath, and is not transitive."/>
		<conf name="runtime" visibility="public" description="this scope indicates that the dependency is not required for compilation, but is for execution. It is in the runtime and test classpaths, but not the compile classpath." extends="compile"/>
		<conf name="test" visibility="private" description="this scope indicates that the dependency is not required for normal use of the application, and is only available for the test compilation and execution phases." extends="runtime"/>
		<conf name="system" visibility="public" description="this scope is similar to provided except that you have to provide the JAR which contains it explicitly. The artifact is always available and is not looked up in a repository."/>
		<conf name="sources" visibility="public" description="this configuration contains the source artifact of this module, if any."/>
		<conf name="javadoc" visibility="public" description="this configuration contains the javadoc artifact of this module, if any."/>
		<conf name="optional" visibility="public" description="contains all optional dependencies"/>
	</configurations>
	<publications>
		<artifact name="zstd-jni" type="bundle" ext="jar" conf="master"/>
	</publications>
	<dependencies>
		<dependency org="org.scalatest" name="scalatest_2.12" rev="3.0.1" force="true" conf="test->runtime(*),master(compile)"/>
		<dependency org="org.scalacheck" name="scalacheck_2.12" rev="1.13.4" force="true" conf="test->runtime(*),master(compile)"/>
	</dependencies>
</ivy-module>
